{"cameraMode":{"drawMode":0,"name":"Shaded","section":"Shading Mode"},"sceneLighting":true,"audioPlay":false,"sceneViewState":{"showFog":true,"showMaterialUpdate":false,"showSkybox":true,"showFlares":true,"showImageEffects":true,"showParticleSystems":true},"in2DMode":false,"pivot":{"x":362.9714050292969,"y":21.999874114990236,"z":483.31561279296877},"rotation":{"x":0.013126148842275143,"y":0.9864249229431152,"z":-0.09977935999631882,"w":0.12976622581481934},"size":6.360908031463623,"orthographic":false}