{"cameraMode":{"drawMode":0,"name":"Shaded","section":"Shading Mode"},"sceneLighting":true,"audioPlay":false,"sceneViewState":{"showFog":true,"showMaterialUpdate":false,"showSkybox":true,"showFlares":true,"showImageEffects":true,"showParticleSystems":true},"in2DMode":false,"pivot":{"x":352.9222412109375,"y":15.789106369018555,"z":484.1905517578125},"rotation":{"x":-0.05282404646277428,"y":0.9292028546333313,"z":-0.146437868475914,"w":-0.3351886570453644},"size":12.961711883544922,"orthographic":false}