{"cameraMode":{"drawMode":0,"name":"Shaded","section":"Shading Mode"},"sceneLighting":true,"audioPlay":false,"sceneViewState":{"showFog":true,"showMaterialUpdate":false,"showSkybox":true,"showFlares":true,"showImageEffects":true,"showParticleSystems":true},"in2DMode":false,"pivot":{"x":473.4989318847656,"y":118.22030639648438,"z":118.653076171875},"rotation":{"x":-0.2533445656299591,"y":0.1891762763261795,"z":-0.050589583814144137,"w":-0.9473487138748169},"size":1223.8270263671875,"orthographic":false}