{"cameraMode":{"drawMode":0,"name":"Shaded","section":"Shading Mode"},"sceneLighting":true,"audioPlay":false,"sceneViewState":{"showFog":true,"showMaterialUpdate":false,"showSkybox":true,"showFlares":true,"showImageEffects":true,"showParticleSystems":true},"in2DMode":false,"pivot":{"x":707.4288330078125,"y":275.70635986328127,"z":130.59576416015626},"rotation":{"x":-0.2687031030654907,"y":0.63524329662323,"z":-0.25137683749198916,"w":-0.6790255308151245},"size":779.40673828125,"orthographic":false}