{"cameraMode":{"drawMode":0,"name":"Shaded","section":"Shading Mode"},"sceneLighting":true,"audioPlay":false,"sceneViewState":{"showFog":true,"showMaterialUpdate":false,"showSkybox":true,"showFlares":true,"showImageEffects":true,"showParticleSystems":true},"in2DMode":false,"pivot":{"x":583.3672485351563,"y":106.81826782226563,"z":487.4770202636719},"rotation":{"x":-0.1882009655237198,"y":0.6315110921859741,"z":-0.1617957055568695,"w":-0.7345725297927856},"size":492.139404296875,"orthographic":false}