{"cameraMode":{"drawMode":0,"name":"Shaded","section":"Shading Mode"},"sceneLighting":true,"audioPlay":false,"sceneViewState":{"showFog":true,"showMaterialUpdate":false,"showSkybox":true,"showFlares":true,"showImageEffects":true,"showParticleSystems":true},"in2DMode":false,"pivot":{"x":387.22064208984377,"y":-277.9666442871094,"z":-174.4952392578125},"rotation":{"x":-0.0456673838198185,"y":0.9506320357322693,"z":-0.2557503581047058,"w":-0.16974608600139619},"size":1008.9274291992188,"orthographic":false}