{"cameraMode":{"drawMode":0,"name":"Shaded","section":"Shading Mode"},"sceneLighting":true,"audioPlay":false,"sceneViewState":{"showFog":true,"showMaterialUpdate":false,"showSkybox":true,"showFlares":true,"showImageEffects":true,"showParticleSystems":true},"in2DMode":false,"pivot":{"x":806.8657836914063,"y":84.92967987060547,"z":535.04150390625},"rotation":{"x":-0.01666375622153282,"y":0.9767441749572754,"z":-0.08254455775022507,"w":-0.19718168675899507},"size":202.96563720703126,"orthographic":false}