{"cameraMode":{"drawMode":0,"name":"Shaded","section":"Shading Mode"},"sceneLighting":true,"audioPlay":false,"sceneViewState":{"showFog":true,"showMaterialUpdate":false,"showSkybox":true,"showFlares":true,"showImageEffects":true,"showParticleSystems":true},"in2DMode":false,"pivot":{"x":295.5869140625,"y":387.16796875,"z":29.365234375},"rotation":{"x":0.12321126461029053,"y":0.8215808868408203,"z":-0.19401372969150544,"w":0.5217500925064087},"size":11.6819429397583,"orthographic":true}