{"cameraMode":{"drawMode":0,"name":"Shaded","section":"Shading Mode"},"sceneLighting":true,"audioPlay":false,"sceneViewState":{"showFog":true,"showMaterialUpdate":false,"showSkybox":true,"showFlares":true,"showImageEffects":true,"showParticleSystems":true},"in2DMode":false,"pivot":{"x":295.287109375,"y":376.2060546875,"z":29.1728515625},"rotation":{"x":-0.15723714232444764,"y":-0.8353688716888428,"z":0.306736022233963,"w":-0.4282434582710266},"size":12.576892852783204,"orthographic":true}