{"cameraMode":{"drawMode":0,"name":"Shaded","section":"Shading Mode"},"sceneLighting":true,"audioPlay":false,"sceneViewState":{"showFog":true,"showMaterialUpdate":false,"showSkybox":true,"showFlares":true,"showImageEffects":true,"showParticleSystems":true},"in2DMode":false,"pivot":{"x":309.0420227050781,"y":375.1499938964844,"z":48.08000183105469},"rotation":{"x":-0.19739879667758943,"y":0.043209318071603778,"z":-0.00871057715266943,"w":-0.9793375134468079},"size":47.12882995605469,"orthographic":true}