{"cameraMode":{"drawMode":0,"name":"Shaded","section":"Shading Mode"},"sceneLighting":true,"audioPlay":false,"sceneViewState":{"showFog":true,"showMaterialUpdate":false,"showSkybox":true,"showFlares":true,"showImageEffects":true,"showParticleSystems":true},"in2DMode":false,"pivot":{"x":309.35845947265627,"y":375.5299987792969,"z":20.913867950439454},"rotation":{"x":0.15164174139499665,"y":0.16814112663269044,"z":-0.026186469942331315,"w":0.9736782312393189},"size":23.109033584594728,"orthographic":true}