{"cameraMode":{"drawMode":0,"name":"Shaded","section":"Shading Mode"},"sceneLighting":true,"audioPlay":false,"sceneViewState":{"showFog":true,"showMaterialUpdate":false,"showSkybox":true,"showFlares":true,"showImageEffects":true,"showParticleSystems":true},"in2DMode":false,"pivot":{"x":309.0406799316406,"y":375.0641174316406,"z":48.08000183105469},"rotation":{"x":0.30057811737060549,"y":0.2615871727466583,"z":-0.08610760420560837,"w":0.9131357073783875},"size":12.12435531616211,"orthographic":true}