{"cameraMode":{"drawMode":0,"name":"Shaded","section":"Shading Mode"},"sceneLighting":true,"audioPlay":false,"sceneViewState":{"showFog":true,"showMaterialUpdate":false,"showSkybox":true,"showFlares":true,"showImageEffects":true,"showParticleSystems":true},"in2DMode":false,"pivot":{"x":295.4580078125,"y":374.64990234375,"z":-26.349853515625},"rotation":{"x":0.1423846036195755,"y":0.3660781979560852,"z":-0.05678722634911537,"w":0.9178730249404907},"size":7.2394795417785648,"orthographic":true}