{"cameraMode":{"drawMode":0,"name":"Shaded","section":"Shading Mode"},"sceneLighting":true,"audioPlay":false,"sceneViewState":{"showFog":true,"showMaterialUpdate":false,"showSkybox":true,"showFlares":true,"showImageEffects":true,"showParticleSystems":true},"in2DMode":false,"pivot":{"x":298.85845947265627,"y":375.5299987792969,"z":22.483867645263673},"rotation":{"x":0.3561738431453705,"y":0.4773748517036438,"z":-0.2200910449028015,"w":0.7725366353988648},"size":7.421609878540039,"orthographic":true}