{"cameraMode":{"drawMode":0,"name":"Shaded","section":"Shading Mode"},"sceneLighting":true,"audioPlay":false,"sceneViewState":{"showFog":true,"showMaterialUpdate":false,"showSkybox":true,"showFlares":true,"showImageEffects":true,"showParticleSystems":true},"in2DMode":false,"pivot":{"x":513.764892578125,"y":84.0,"z":604.9246826171875},"rotation":{"x":0.24648264050483704,"y":-0.7533982992172241,"z":0.43880006670951846,"w":0.42319825291633608},"size":850.2593994140625,"orthographic":true}