{"cameraMode":{"drawMode":0,"name":"Shaded","section":"Shading Mode"},"sceneLighting":true,"audioPlay":false,"sceneViewState":{"showFog":true,"showMaterialUpdate":false,"showSkybox":true,"showFlares":true,"showImageEffects":true,"showParticleSystems":true},"in2DMode":false,"pivot":{"x":612.2672729492188,"y":-13.236328125,"z":431.20068359375},"rotation":{"x":0.060351595282554629,"y":0.8999823927879334,"z":-0.41100746393203738,"w":0.1321517378091812},"size":97.8046646118164,"orthographic":true}