{"cameraMode":{"drawMode":0,"name":"Shaded","section":"Shading Mode"},"sceneLighting":true,"audioPlay":false,"sceneViewState":{"showFog":true,"showMaterialUpdate":false,"showSkybox":true,"showFlares":true,"showImageEffects":true,"showParticleSystems":true},"in2DMode":false,"pivot":{"x":9.762694358825684,"y":0.29808518290519717,"z":6.2884650230407719},"rotation":{"x":0.05162159726023674,"y":-0.9268458485603333,"z":0.1386573612689972,"w":0.3450615108013153},"size":1.8476946353912354,"orthographic":true}