{"cameraMode":{"drawMode":0,"name":"Shaded","section":"Shading Mode"},"sceneLighting":true,"audioPlay":false,"sceneViewState":{"showFog":true,"showMaterialUpdate":false,"showSkybox":true,"showFlares":true,"showImageEffects":true,"showParticleSystems":true},"in2DMode":false,"pivot":{"x":9.23486328125,"y":0.4040374755859375,"z":6.04541015625},"rotation":{"x":0.014287130907177925,"y":-0.9629244804382324,"z":0.052048519253730777,"w":0.2643197178840637},"size":0.6172005534172058,"orthographic":true}