{"cameraMode":{"drawMode":0,"name":"Shaded","section":"Shading Mode"},"sceneLighting":true,"audioPlay":false,"sceneViewState":{"showFog":true,"showMaterialUpdate":false,"showSkybox":true,"showFlares":true,"showImageEffects":true,"showParticleSystems":true},"in2DMode":false,"pivot":{"x":435.5,"y":77.9000015258789,"z":911.9000244140625},"rotation":{"x":0.02571493573486805,"y":-0.9518760442733765,"z":0.29382234811782839,"w":0.08330677449703217},"size":7.126907825469971,"orthographic":true}