{"cameraMode":{"drawMode":0,"name":"Shaded","section":"Shading Mode"},"sceneLighting":true,"audioPlay":false,"sceneViewState":{"showFog":true,"showMaterialUpdate":false,"showSkybox":true,"showFlares":true,"showImageEffects":true,"showParticleSystems":true},"in2DMode":false,"pivot":{"x":162.8409423828125,"y":-400.23052978515627,"z":459.81329345703127},"rotation":{"x":-0.25098273158073428,"y":0.6342108845710754,"z":-0.2292151153087616,"w":-0.6944412589073181},"size":1482.475830078125,"orthographic":false}