{"cameraMode":{"drawMode":0,"name":"Shaded","section":"Shading Mode"},"sceneLighting":true,"audioPlay":false,"sceneViewState":{"showFog":true,"showMaterialUpdate":false,"showSkybox":true,"showFlares":true,"showImageEffects":true,"showParticleSystems":true},"in2DMode":false,"pivot":{"x":769.6996459960938,"y":111.68791198730469,"z":298.94189453125},"rotation":{"x":-0.1409926414489746,"y":0.8571577072143555,"z":-0.31854236125946047,"w":-0.3793947696685791},"size":138.9496307373047,"orthographic":false}