{"cameraMode":{"drawMode":0,"name":"Shaded","section":"Shading Mode"},"sceneLighting":true,"audioPlay":false,"sceneViewState":{"showFog":true,"showMaterialUpdate":false,"showSkybox":true,"showFlares":true,"showImageEffects":true,"showParticleSystems":true},"in2DMode":false,"pivot":{"x":360.7412109375,"y":2.2029037475585939,"z":490.072265625},"rotation":{"x":0.36178964376449587,"y":0.16566778719425202,"z":-0.06550629436969757,"w":0.9150924682617188},"size":53.149627685546878,"orthographic":true}