{"cameraMode":{"drawMode":0,"name":"Shaded","section":"Shading Mode"},"sceneLighting":true,"audioPlay":false,"sceneViewState":{"showFog":true,"showMaterialUpdate":false,"showSkybox":true,"showFlares":true,"showImageEffects":true,"showParticleSystems":true},"in2DMode":false,"pivot":{"x":371.7841796875,"y":14.3583984375,"z":461.78125},"rotation":{"x":0.04086867719888687,"y":-0.8973526954650879,"z":0.08505092561244965,"w":0.43114379048347475},"size":20.324581146240236,"orthographic":true}