{"cameraMode":{"drawMode":0,"name":"Shaded","section":"Shading Mode"},"sceneLighting":true,"audioPlay":false,"sceneViewState":{"showFog":true,"showMaterialUpdate":false,"showSkybox":true,"showFlares":true,"showImageEffects":true,"showParticleSystems":true},"in2DMode":false,"pivot":{"x":806.426513671875,"y":117.1875,"z":428.6291198730469},"rotation":{"x":0.39506369829177859,"y":-0.0701708048582077,"z":0.030279960483312608,"w":0.9154714941978455},"size":846.6526489257813,"orthographic":true}