{"cameraMode":{"drawMode":0,"name":"Shaded","section":"Shading Mode"},"sceneLighting":true,"audioPlay":false,"sceneViewState":{"showFog":true,"showMaterialUpdate":false,"showSkybox":true,"showFlares":true,"showImageEffects":true,"showParticleSystems":true},"in2DMode":false,"pivot":{"x":764.3302001953125,"y":-291.4969482421875,"z":911.4527587890625},"rotation":{"x":-0.3097347319126129,"y":0.5184756517410278,"z":-0.20877689123153687,"w":-0.7691944241523743},"size":2036.811279296875,"orthographic":false}