{"cameraMode":{"drawMode":0,"name":"Shaded","section":"Shading Mode"},"sceneLighting":true,"audioPlay":false,"sceneViewState":{"showFog":true,"showMaterialUpdate":false,"showSkybox":true,"showFlares":true,"showImageEffects":true,"showParticleSystems":true},"in2DMode":false,"pivot":{"x":129.79443359375,"y":375.896484375,"z":33.689453125},"rotation":{"x":0.2990785241127014,"y":-0.2630860507488251,"z":0.0861634686589241,"w":0.9131901264190674},"size":17.546100616455079,"orthographic":true}