{"cameraMode":{"drawMode":0,"name":"Shaded","section":"Shading Mode"},"sceneLighting":false,"audioPlay":false,"sceneViewState":{"showFog":true,"showMaterialUpdate":false,"showSkybox":false,"showFlares":true,"showImageEffects":true,"showParticleSystems":true},"in2DMode":false,"pivot":{"x":423.6597900390625,"y":1.3736079931259156,"z":703.0393676757813},"rotation":{"x":-0.06992007791996002,"y":0.3047037422657013,"z":-0.022444812580943109,"w":-0.9496208429336548},"size":2.0195810794830324,"orthographic":true}