{"cameraMode":{"drawMode":0,"name":"Shaded","section":"Shading Mode"},"sceneLighting":true,"audioPlay":false,"sceneViewState":{"showFog":true,"showMaterialUpdate":false,"showSkybox":true,"showFlares":true,"showImageEffects":true,"showParticleSystems":true},"in2DMode":false,"pivot":{"x":120.3948974609375,"y":373.90771484375,"z":30.394989013671876},"rotation":{"x":0.2160051167011261,"y":0.33869609236717226,"z":-0.0801967903971672,"w":0.9122528433799744},"size":2.537519693374634,"orthographic":true}